--------------------------------------------------------
-- Archivo creado  - jueves-julio-14-2022   
--------------------------------------------------------
--------------------------------------------------------
--  DDL for Table AUTH_GROUP
--------------------------------------------------------

  CREATE TABLE "CAR1"."AUTH_GROUP" 
   (	"ID" NUMBER(11,0) GENERATED BY DEFAULT ON NULL AS IDENTITY MINVALUE 1 MAXVALUE 9999999999999999999999999999 INCREMENT BY 1 START WITH 1 CACHE 20 NOORDER  NOCYCLE  NOKEEP  NOSCALE , 
	"NAME" NVARCHAR2(150)
   ) SEGMENT CREATION DEFERRED 
  PCTFREE 10 PCTUSED 40 INITRANS 1 MAXTRANS 255 
 NOCOMPRESS LOGGING
  TABLESPACE "USERS" ;
--------------------------------------------------------
--  DDL for Table AUTH_GROUP_PERMISSIONS
--------------------------------------------------------

  CREATE TABLE "CAR1"."AUTH_GROUP_PERMISSIONS" 
   (	"ID" NUMBER(19,0) GENERATED BY DEFAULT ON NULL AS IDENTITY MINVALUE 1 MAXVALUE 9999999999999999999999999999 INCREMENT BY 1 START WITH 1 CACHE 20 NOORDER  NOCYCLE  NOKEEP  NOSCALE , 
	"GROUP_ID" NUMBER(11,0), 
	"PERMISSION_ID" NUMBER(11,0)
   ) SEGMENT CREATION DEFERRED 
  PCTFREE 10 PCTUSED 40 INITRANS 1 MAXTRANS 255 
 NOCOMPRESS LOGGING
  TABLESPACE "USERS" ;
--------------------------------------------------------
--  DDL for Table AUTH_PERMISSION
--------------------------------------------------------

  CREATE TABLE "CAR1"."AUTH_PERMISSION" 
   (	"ID" NUMBER(11,0) GENERATED BY DEFAULT ON NULL AS IDENTITY MINVALUE 1 MAXVALUE 9999999999999999999999999999 INCREMENT BY 1 START WITH 1 CACHE 20 NOORDER  NOCYCLE  NOKEEP  NOSCALE , 
	"NAME" NVARCHAR2(255), 
	"CONTENT_TYPE_ID" NUMBER(11,0), 
	"CODENAME" NVARCHAR2(100)
   ) SEGMENT CREATION IMMEDIATE 
  PCTFREE 10 PCTUSED 40 INITRANS 1 MAXTRANS 255 
 NOCOMPRESS LOGGING
  STORAGE(INITIAL 65536 NEXT 1048576 MINEXTENTS 1 MAXEXTENTS 2147483645
  PCTINCREASE 0 FREELISTS 1 FREELIST GROUPS 1
  BUFFER_POOL DEFAULT FLASH_CACHE DEFAULT CELL_FLASH_CACHE DEFAULT)
  TABLESPACE "USERS" ;
--------------------------------------------------------
--  DDL for Table AUTH_USER
--------------------------------------------------------

  CREATE TABLE "CAR1"."AUTH_USER" 
   (	"ID" NUMBER(11,0) GENERATED BY DEFAULT ON NULL AS IDENTITY MINVALUE 1 MAXVALUE 9999999999999999999999999999 INCREMENT BY 1 START WITH 1 CACHE 20 NOORDER  NOCYCLE  NOKEEP  NOSCALE , 
	"PASSWORD" NVARCHAR2(128), 
	"LAST_LOGIN" TIMESTAMP (6), 
	"IS_SUPERUSER" NUMBER(1,0), 
	"USERNAME" NVARCHAR2(150), 
	"FIRST_NAME" NVARCHAR2(150), 
	"LAST_NAME" NVARCHAR2(150), 
	"EMAIL" NVARCHAR2(254), 
	"IS_STAFF" NUMBER(1,0), 
	"IS_ACTIVE" NUMBER(1,0), 
	"DATE_JOINED" TIMESTAMP (6)
   ) SEGMENT CREATION IMMEDIATE 
  PCTFREE 10 PCTUSED 40 INITRANS 1 MAXTRANS 255 
 NOCOMPRESS LOGGING
  STORAGE(INITIAL 65536 NEXT 1048576 MINEXTENTS 1 MAXEXTENTS 2147483645
  PCTINCREASE 0 FREELISTS 1 FREELIST GROUPS 1
  BUFFER_POOL DEFAULT FLASH_CACHE DEFAULT CELL_FLASH_CACHE DEFAULT)
  TABLESPACE "USERS" ;
--------------------------------------------------------
--  DDL for Table AUTH_USER_GROUPS
--------------------------------------------------------

  CREATE TABLE "CAR1"."AUTH_USER_GROUPS" 
   (	"ID" NUMBER(19,0) GENERATED BY DEFAULT ON NULL AS IDENTITY MINVALUE 1 MAXVALUE 9999999999999999999999999999 INCREMENT BY 1 START WITH 1 CACHE 20 NOORDER  NOCYCLE  NOKEEP  NOSCALE , 
	"USER_ID" NUMBER(11,0), 
	"GROUP_ID" NUMBER(11,0)
   ) SEGMENT CREATION DEFERRED 
  PCTFREE 10 PCTUSED 40 INITRANS 1 MAXTRANS 255 
 NOCOMPRESS LOGGING
  TABLESPACE "USERS" ;
--------------------------------------------------------
--  DDL for Table AUTH_USER_USER_PERMISSIONS
--------------------------------------------------------

  CREATE TABLE "CAR1"."AUTH_USER_USER_PERMISSIONS" 
   (	"ID" NUMBER(19,0) GENERATED BY DEFAULT ON NULL AS IDENTITY MINVALUE 1 MAXVALUE 9999999999999999999999999999 INCREMENT BY 1 START WITH 1 CACHE 20 NOORDER  NOCYCLE  NOKEEP  NOSCALE , 
	"USER_ID" NUMBER(11,0), 
	"PERMISSION_ID" NUMBER(11,0)
   ) SEGMENT CREATION DEFERRED 
  PCTFREE 10 PCTUSED 40 INITRANS 1 MAXTRANS 255 
 NOCOMPRESS LOGGING
  TABLESPACE "USERS" ;
--------------------------------------------------------
--  DDL for Table CARWASH_CATE_SER
--------------------------------------------------------

  CREATE TABLE "CAR1"."CARWASH_CATE_SER" 
   (	"ID_CATE" NUMBER(11,0) GENERATED BY DEFAULT ON NULL AS IDENTITY MINVALUE 1 MAXVALUE 9999999999999999999999999999 INCREMENT BY 1 START WITH 1 CACHE 20 NOORDER  NOCYCLE  NOKEEP  NOSCALE , 
	"TIPO_SER" NVARCHAR2(20)
   ) SEGMENT CREATION IMMEDIATE 
  PCTFREE 10 PCTUSED 40 INITRANS 1 MAXTRANS 255 
 NOCOMPRESS LOGGING
  STORAGE(INITIAL 65536 NEXT 1048576 MINEXTENTS 1 MAXEXTENTS 2147483645
  PCTINCREASE 0 FREELISTS 1 FREELIST GROUPS 1
  BUFFER_POOL DEFAULT FLASH_CACHE DEFAULT CELL_FLASH_CACHE DEFAULT)
  TABLESPACE "USERS" ;
--------------------------------------------------------
--  DDL for Table CARWASH_CONTRATO_SER
--------------------------------------------------------

  CREATE TABLE "CAR1"."CARWASH_CONTRATO_SER" 
   (	"ID_CONTRATO" NUMBER(11,0) GENERATED BY DEFAULT ON NULL AS IDENTITY MINVALUE 1 MAXVALUE 9999999999999999999999999999 INCREMENT BY 1 START WITH 1 CACHE 20 NOORDER  NOCYCLE  NOKEEP  NOSCALE , 
	"FECHA_INI" DATE, 
	"DUENO" NVARCHAR2(45), 
	"ESTADO_ES_ID" NUMBER(11,0), 
	"SERVICIO_ID" NUMBER(11,0), 
	"VEHI_ID" NUMBER(11,0)
   ) SEGMENT CREATION IMMEDIATE 
  PCTFREE 10 PCTUSED 40 INITRANS 1 MAXTRANS 255 
 NOCOMPRESS LOGGING
  STORAGE(INITIAL 65536 NEXT 1048576 MINEXTENTS 1 MAXEXTENTS 2147483645
  PCTINCREASE 0 FREELISTS 1 FREELIST GROUPS 1
  BUFFER_POOL DEFAULT FLASH_CACHE DEFAULT CELL_FLASH_CACHE DEFAULT)
  TABLESPACE "USERS" ;
--------------------------------------------------------
--  DDL for Table CARWASH_ESTADO
--------------------------------------------------------

  CREATE TABLE "CAR1"."CARWASH_ESTADO" 
   (	"ID_ESTADO" NUMBER(11,0) GENERATED BY DEFAULT ON NULL AS IDENTITY MINVALUE 1 MAXVALUE 9999999999999999999999999999 INCREMENT BY 1 START WITH 1 CACHE 20 NOORDER  NOCYCLE  NOKEEP  NOSCALE , 
	"ESTADO_SER" NVARCHAR2(50)
   ) SEGMENT CREATION IMMEDIATE 
  PCTFREE 10 PCTUSED 40 INITRANS 1 MAXTRANS 255 
 NOCOMPRESS LOGGING
  STORAGE(INITIAL 65536 NEXT 1048576 MINEXTENTS 1 MAXEXTENTS 2147483645
  PCTINCREASE 0 FREELISTS 1 FREELIST GROUPS 1
  BUFFER_POOL DEFAULT FLASH_CACHE DEFAULT CELL_FLASH_CACHE DEFAULT)
  TABLESPACE "USERS" ;
--------------------------------------------------------
--  DDL for Table CARWASH_SERVICIOS
--------------------------------------------------------

  CREATE TABLE "CAR1"."CARWASH_SERVICIOS" 
   (	"ID_SER" NUMBER(11,0) GENERATED BY DEFAULT ON NULL AS IDENTITY MINVALUE 1 MAXVALUE 9999999999999999999999999999 INCREMENT BY 1 START WITH 1 CACHE 20 NOORDER  NOCYCLE  NOKEEP  NOSCALE , 
	"NOMBRE_SER" NVARCHAR2(50), 
	"PRECIO_SER" NUMBER(11,0), 
	"CATEGORIA_SER_ID" NUMBER(11,0)
   ) SEGMENT CREATION IMMEDIATE 
  PCTFREE 10 PCTUSED 40 INITRANS 1 MAXTRANS 255 
 NOCOMPRESS LOGGING
  STORAGE(INITIAL 65536 NEXT 1048576 MINEXTENTS 1 MAXEXTENTS 2147483645
  PCTINCREASE 0 FREELISTS 1 FREELIST GROUPS 1
  BUFFER_POOL DEFAULT FLASH_CACHE DEFAULT CELL_FLASH_CACHE DEFAULT)
  TABLESPACE "USERS" ;
--------------------------------------------------------
--  DDL for Table CARWASH_VEHICULO
--------------------------------------------------------

  CREATE TABLE "CAR1"."CARWASH_VEHICULO" 
   (	"ID_VEHI" NUMBER(11,0) GENERATED BY DEFAULT ON NULL AS IDENTITY MINVALUE 1 MAXVALUE 9999999999999999999999999999 INCREMENT BY 1 START WITH 1 CACHE 20 NOORDER  NOCYCLE  NOKEEP  NOSCALE , 
	"CATE_VEHI" NVARCHAR2(20)
   ) SEGMENT CREATION IMMEDIATE 
  PCTFREE 10 PCTUSED 40 INITRANS 1 MAXTRANS 255 
 NOCOMPRESS LOGGING
  STORAGE(INITIAL 65536 NEXT 1048576 MINEXTENTS 1 MAXEXTENTS 2147483645
  PCTINCREASE 0 FREELISTS 1 FREELIST GROUPS 1
  BUFFER_POOL DEFAULT FLASH_CACHE DEFAULT CELL_FLASH_CACHE DEFAULT)
  TABLESPACE "USERS" ;
--------------------------------------------------------
--  DDL for Table DJANGO_ADMIN_LOG
--------------------------------------------------------

  CREATE TABLE "CAR1"."DJANGO_ADMIN_LOG" 
   (	"ID" NUMBER(11,0) GENERATED BY DEFAULT ON NULL AS IDENTITY MINVALUE 1 MAXVALUE 9999999999999999999999999999 INCREMENT BY 1 START WITH 1 CACHE 20 NOORDER  NOCYCLE  NOKEEP  NOSCALE , 
	"ACTION_TIME" TIMESTAMP (6), 
	"OBJECT_ID" NCLOB, 
	"OBJECT_REPR" NVARCHAR2(200), 
	"ACTION_FLAG" NUMBER(11,0), 
	"CHANGE_MESSAGE" NCLOB, 
	"CONTENT_TYPE_ID" NUMBER(11,0), 
	"USER_ID" NUMBER(11,0)
   ) SEGMENT CREATION IMMEDIATE 
  PCTFREE 10 PCTUSED 40 INITRANS 1 MAXTRANS 255 
 NOCOMPRESS LOGGING
  STORAGE(INITIAL 65536 NEXT 1048576 MINEXTENTS 1 MAXEXTENTS 2147483645
  PCTINCREASE 0 FREELISTS 1 FREELIST GROUPS 1
  BUFFER_POOL DEFAULT FLASH_CACHE DEFAULT CELL_FLASH_CACHE DEFAULT)
  TABLESPACE "USERS" 
 LOB ("OBJECT_ID") STORE AS SECUREFILE (
  TABLESPACE "USERS" ENABLE STORAGE IN ROW 4000 CHUNK 8192
  NOCACHE LOGGING  NOCOMPRESS  KEEP_DUPLICATES 
  STORAGE(INITIAL 262144 NEXT 1048576 MINEXTENTS 1 MAXEXTENTS 2147483645
  PCTINCREASE 0
  BUFFER_POOL DEFAULT FLASH_CACHE DEFAULT CELL_FLASH_CACHE DEFAULT)) 
 LOB ("CHANGE_MESSAGE") STORE AS SECUREFILE (
  TABLESPACE "USERS" ENABLE STORAGE IN ROW 4000 CHUNK 8192
  NOCACHE LOGGING  NOCOMPRESS  KEEP_DUPLICATES 
  STORAGE(INITIAL 262144 NEXT 1048576 MINEXTENTS 1 MAXEXTENTS 2147483645
  PCTINCREASE 0
  BUFFER_POOL DEFAULT FLASH_CACHE DEFAULT CELL_FLASH_CACHE DEFAULT)) ;
--------------------------------------------------------
--  DDL for Table DJANGO_CONTENT_TYPE
--------------------------------------------------------

  CREATE TABLE "CAR1"."DJANGO_CONTENT_TYPE" 
   (	"ID" NUMBER(11,0) GENERATED BY DEFAULT ON NULL AS IDENTITY MINVALUE 1 MAXVALUE 9999999999999999999999999999 INCREMENT BY 1 START WITH 1 CACHE 20 NOORDER  NOCYCLE  NOKEEP  NOSCALE , 
	"APP_LABEL" NVARCHAR2(100), 
	"MODEL" NVARCHAR2(100)
   ) SEGMENT CREATION IMMEDIATE 
  PCTFREE 10 PCTUSED 40 INITRANS 1 MAXTRANS 255 
 NOCOMPRESS LOGGING
  STORAGE(INITIAL 65536 NEXT 1048576 MINEXTENTS 1 MAXEXTENTS 2147483645
  PCTINCREASE 0 FREELISTS 1 FREELIST GROUPS 1
  BUFFER_POOL DEFAULT FLASH_CACHE DEFAULT CELL_FLASH_CACHE DEFAULT)
  TABLESPACE "USERS" ;
--------------------------------------------------------
--  DDL for Table DJANGO_MIGRATIONS
--------------------------------------------------------

  CREATE TABLE "CAR1"."DJANGO_MIGRATIONS" 
   (	"ID" NUMBER(19,0) GENERATED BY DEFAULT ON NULL AS IDENTITY MINVALUE 1 MAXVALUE 9999999999999999999999999999 INCREMENT BY 1 START WITH 1 CACHE 20 NOORDER  NOCYCLE  NOKEEP  NOSCALE , 
	"APP" NVARCHAR2(255), 
	"NAME" NVARCHAR2(255), 
	"APPLIED" TIMESTAMP (6)
   ) SEGMENT CREATION IMMEDIATE 
  PCTFREE 10 PCTUSED 40 INITRANS 1 MAXTRANS 255 
 NOCOMPRESS LOGGING
  STORAGE(INITIAL 65536 NEXT 1048576 MINEXTENTS 1 MAXEXTENTS 2147483645
  PCTINCREASE 0 FREELISTS 1 FREELIST GROUPS 1
  BUFFER_POOL DEFAULT FLASH_CACHE DEFAULT CELL_FLASH_CACHE DEFAULT)
  TABLESPACE "USERS" ;
--------------------------------------------------------
--  DDL for Table DJANGO_SESSION
--------------------------------------------------------

  CREATE TABLE "CAR1"."DJANGO_SESSION" 
   (	"SESSION_KEY" NVARCHAR2(40), 
	"SESSION_DATA" NCLOB, 
	"EXPIRE_DATE" TIMESTAMP (6)
   ) SEGMENT CREATION IMMEDIATE 
  PCTFREE 10 PCTUSED 40 INITRANS 1 MAXTRANS 255 
 NOCOMPRESS LOGGING
  STORAGE(INITIAL 65536 NEXT 1048576 MINEXTENTS 1 MAXEXTENTS 2147483645
  PCTINCREASE 0 FREELISTS 1 FREELIST GROUPS 1
  BUFFER_POOL DEFAULT FLASH_CACHE DEFAULT CELL_FLASH_CACHE DEFAULT)
  TABLESPACE "USERS" 
 LOB ("SESSION_DATA") STORE AS SECUREFILE (
  TABLESPACE "USERS" ENABLE STORAGE IN ROW 4000 CHUNK 8192
  NOCACHE LOGGING  NOCOMPRESS  KEEP_DUPLICATES 
  STORAGE(INITIAL 262144 NEXT 1048576 MINEXTENTS 1 MAXEXTENTS 2147483645
  PCTINCREASE 0
  BUFFER_POOL DEFAULT FLASH_CACHE DEFAULT CELL_FLASH_CACHE DEFAULT)) ;
REM INSERTING into CAR1.AUTH_GROUP
SET DEFINE OFF;
REM INSERTING into CAR1.AUTH_GROUP_PERMISSIONS
SET DEFINE OFF;
REM INSERTING into CAR1.AUTH_PERMISSION
SET DEFINE OFF;
Insert into CAR1.AUTH_PERMISSION (ID,NAME,CONTENT_TYPE_ID,CODENAME) values ('1','Can add log entry','1','add_logentry');
Insert into CAR1.AUTH_PERMISSION (ID,NAME,CONTENT_TYPE_ID,CODENAME) values ('2','Can change log entry','1','change_logentry');
Insert into CAR1.AUTH_PERMISSION (ID,NAME,CONTENT_TYPE_ID,CODENAME) values ('3','Can delete log entry','1','delete_logentry');
Insert into CAR1.AUTH_PERMISSION (ID,NAME,CONTENT_TYPE_ID,CODENAME) values ('4','Can view log entry','1','view_logentry');
Insert into CAR1.AUTH_PERMISSION (ID,NAME,CONTENT_TYPE_ID,CODENAME) values ('5','Can add permission','2','add_permission');
Insert into CAR1.AUTH_PERMISSION (ID,NAME,CONTENT_TYPE_ID,CODENAME) values ('6','Can change permission','2','change_permission');
Insert into CAR1.AUTH_PERMISSION (ID,NAME,CONTENT_TYPE_ID,CODENAME) values ('7','Can delete permission','2','delete_permission');
Insert into CAR1.AUTH_PERMISSION (ID,NAME,CONTENT_TYPE_ID,CODENAME) values ('8','Can view permission','2','view_permission');
Insert into CAR1.AUTH_PERMISSION (ID,NAME,CONTENT_TYPE_ID,CODENAME) values ('9','Can add group','3','add_group');
Insert into CAR1.AUTH_PERMISSION (ID,NAME,CONTENT_TYPE_ID,CODENAME) values ('10','Can change group','3','change_group');
Insert into CAR1.AUTH_PERMISSION (ID,NAME,CONTENT_TYPE_ID,CODENAME) values ('11','Can delete group','3','delete_group');
Insert into CAR1.AUTH_PERMISSION (ID,NAME,CONTENT_TYPE_ID,CODENAME) values ('12','Can view group','3','view_group');
Insert into CAR1.AUTH_PERMISSION (ID,NAME,CONTENT_TYPE_ID,CODENAME) values ('13','Can add user','4','add_user');
Insert into CAR1.AUTH_PERMISSION (ID,NAME,CONTENT_TYPE_ID,CODENAME) values ('14','Can change user','4','change_user');
Insert into CAR1.AUTH_PERMISSION (ID,NAME,CONTENT_TYPE_ID,CODENAME) values ('15','Can delete user','4','delete_user');
Insert into CAR1.AUTH_PERMISSION (ID,NAME,CONTENT_TYPE_ID,CODENAME) values ('16','Can view user','4','view_user');
Insert into CAR1.AUTH_PERMISSION (ID,NAME,CONTENT_TYPE_ID,CODENAME) values ('17','Can add content type','5','add_contenttype');
Insert into CAR1.AUTH_PERMISSION (ID,NAME,CONTENT_TYPE_ID,CODENAME) values ('18','Can change content type','5','change_contenttype');
Insert into CAR1.AUTH_PERMISSION (ID,NAME,CONTENT_TYPE_ID,CODENAME) values ('19','Can delete content type','5','delete_contenttype');
Insert into CAR1.AUTH_PERMISSION (ID,NAME,CONTENT_TYPE_ID,CODENAME) values ('20','Can view content type','5','view_contenttype');
Insert into CAR1.AUTH_PERMISSION (ID,NAME,CONTENT_TYPE_ID,CODENAME) values ('21','Can add session','6','add_session');
Insert into CAR1.AUTH_PERMISSION (ID,NAME,CONTENT_TYPE_ID,CODENAME) values ('22','Can change session','6','change_session');
Insert into CAR1.AUTH_PERMISSION (ID,NAME,CONTENT_TYPE_ID,CODENAME) values ('23','Can delete session','6','delete_session');
Insert into CAR1.AUTH_PERMISSION (ID,NAME,CONTENT_TYPE_ID,CODENAME) values ('24','Can view session','6','view_session');
Insert into CAR1.AUTH_PERMISSION (ID,NAME,CONTENT_TYPE_ID,CODENAME) values ('25','Can add cate_ser','7','add_cate_ser');
Insert into CAR1.AUTH_PERMISSION (ID,NAME,CONTENT_TYPE_ID,CODENAME) values ('26','Can change cate_ser','7','change_cate_ser');
Insert into CAR1.AUTH_PERMISSION (ID,NAME,CONTENT_TYPE_ID,CODENAME) values ('27','Can delete cate_ser','7','delete_cate_ser');
Insert into CAR1.AUTH_PERMISSION (ID,NAME,CONTENT_TYPE_ID,CODENAME) values ('28','Can view cate_ser','7','view_cate_ser');
Insert into CAR1.AUTH_PERMISSION (ID,NAME,CONTENT_TYPE_ID,CODENAME) values ('29','Can add estado','8','add_estado');
Insert into CAR1.AUTH_PERMISSION (ID,NAME,CONTENT_TYPE_ID,CODENAME) values ('30','Can change estado','8','change_estado');
Insert into CAR1.AUTH_PERMISSION (ID,NAME,CONTENT_TYPE_ID,CODENAME) values ('31','Can delete estado','8','delete_estado');
Insert into CAR1.AUTH_PERMISSION (ID,NAME,CONTENT_TYPE_ID,CODENAME) values ('32','Can view estado','8','view_estado');
Insert into CAR1.AUTH_PERMISSION (ID,NAME,CONTENT_TYPE_ID,CODENAME) values ('33','Can add vehiculo','9','add_vehiculo');
Insert into CAR1.AUTH_PERMISSION (ID,NAME,CONTENT_TYPE_ID,CODENAME) values ('34','Can change vehiculo','9','change_vehiculo');
Insert into CAR1.AUTH_PERMISSION (ID,NAME,CONTENT_TYPE_ID,CODENAME) values ('35','Can delete vehiculo','9','delete_vehiculo');
Insert into CAR1.AUTH_PERMISSION (ID,NAME,CONTENT_TYPE_ID,CODENAME) values ('36','Can view vehiculo','9','view_vehiculo');
Insert into CAR1.AUTH_PERMISSION (ID,NAME,CONTENT_TYPE_ID,CODENAME) values ('37','Can add servicios','10','add_servicios');
Insert into CAR1.AUTH_PERMISSION (ID,NAME,CONTENT_TYPE_ID,CODENAME) values ('38','Can change servicios','10','change_servicios');
Insert into CAR1.AUTH_PERMISSION (ID,NAME,CONTENT_TYPE_ID,CODENAME) values ('39','Can delete servicios','10','delete_servicios');
Insert into CAR1.AUTH_PERMISSION (ID,NAME,CONTENT_TYPE_ID,CODENAME) values ('40','Can view servicios','10','view_servicios');
Insert into CAR1.AUTH_PERMISSION (ID,NAME,CONTENT_TYPE_ID,CODENAME) values ('41','Can add contrato_ser','11','add_contrato_ser');
Insert into CAR1.AUTH_PERMISSION (ID,NAME,CONTENT_TYPE_ID,CODENAME) values ('42','Can change contrato_ser','11','change_contrato_ser');
Insert into CAR1.AUTH_PERMISSION (ID,NAME,CONTENT_TYPE_ID,CODENAME) values ('43','Can delete contrato_ser','11','delete_contrato_ser');
Insert into CAR1.AUTH_PERMISSION (ID,NAME,CONTENT_TYPE_ID,CODENAME) values ('44','Can view contrato_ser','11','view_contrato_ser');
REM INSERTING into CAR1.AUTH_USER
SET DEFINE OFF;
Insert into CAR1.AUTH_USER (ID,PASSWORD,LAST_LOGIN,IS_SUPERUSER,USERNAME,FIRST_NAME,LAST_NAME,EMAIL,IS_STAFF,IS_ACTIVE,DATE_JOINED) values ('1','pbkdf2_sha256$320000$HyPpDaG8Kiv7v4hsbjxu8n$4eDOJqIbKueKzKaZl3aa8a1pL3YMGIa4Ht805um3RLE=',to_timestamp('14/07/22 08:35:18,735679000','DD/MM/RR HH24:MI:SSXFF'),'1','rod','rodrigo','rodriguez','rod.rodriguef@gmail.com','1','1',to_timestamp('03/06/22 23:35:32,000000000','DD/MM/RR HH24:MI:SSXFF'));
Insert into CAR1.AUTH_USER (ID,PASSWORD,LAST_LOGIN,IS_SUPERUSER,USERNAME,FIRST_NAME,LAST_NAME,EMAIL,IS_STAFF,IS_ACTIVE,DATE_JOINED) values ('21','pbkdf2_sha256$320000$7XdLCTw6ObFYXt6fCRRbEx$dzgK1pKG2tBwEoy5YQnWHyomWtYwBvc70+NljmO6YYw=',to_timestamp('06/07/22 04:13:00,165447000','DD/MM/RR HH24:MI:SSXFF'),'0','alex','alexis','fernandez','rod.rodriguezf@outlook.com','0','1',to_timestamp('08/06/22 05:44:28,494923000','DD/MM/RR HH24:MI:SSXFF'));
Insert into CAR1.AUTH_USER (ID,PASSWORD,LAST_LOGIN,IS_SUPERUSER,USERNAME,FIRST_NAME,LAST_NAME,EMAIL,IS_STAFF,IS_ACTIVE,DATE_JOINED) values ('41','pbkdf2_sha256$320000$CAK1aSmeBwiTEQkzUJPAqd$W5yTTTOpFp3b8LCI/RpbxhxG1fEHAz2hYvp/5YbLfV4=',to_timestamp('06/07/22 04:28:30,183847000','DD/MM/RR HH24:MI:SSXFF'),'0','carlos','carlos','elgueta','rigo_albo_@hotmail.com','0','1',to_timestamp('06/07/22 04:28:07,158134000','DD/MM/RR HH24:MI:SSXFF'));
REM INSERTING into CAR1.AUTH_USER_GROUPS
SET DEFINE OFF;
REM INSERTING into CAR1.AUTH_USER_USER_PERMISSIONS
SET DEFINE OFF;
REM INSERTING into CAR1.CARWASH_CATE_SER
SET DEFINE OFF;
Insert into CAR1.CARWASH_CATE_SER (ID_CATE,TIPO_SER) values ('6','mantencion');
Insert into CAR1.CARWASH_CATE_SER (ID_CATE,TIPO_SER) values ('7','lavado full');
Insert into CAR1.CARWASH_CATE_SER (ID_CATE,TIPO_SER) values ('8','lavado medio');
Insert into CAR1.CARWASH_CATE_SER (ID_CATE,TIPO_SER) values ('9','lavado flash');
REM INSERTING into CAR1.CARWASH_CONTRATO_SER
SET DEFINE OFF;
Insert into CAR1.CARWASH_CONTRATO_SER (ID_CONTRATO,FECHA_INI,DUENO,ESTADO_ES_ID,SERVICIO_ID,VEHI_ID) values ('81',to_date('16/07/22','DD/MM/RR'),'rod','6','3','4');
Insert into CAR1.CARWASH_CONTRATO_SER (ID_CONTRATO,FECHA_INI,DUENO,ESTADO_ES_ID,SERVICIO_ID,VEHI_ID) values ('41',to_date('16/06/22','DD/MM/RR'),'alex','4','3','2');
Insert into CAR1.CARWASH_CONTRATO_SER (ID_CONTRATO,FECHA_INI,DUENO,ESTADO_ES_ID,SERVICIO_ID,VEHI_ID) values ('44',to_date('24/06/22','DD/MM/RR'),'alex','4','6','4');
Insert into CAR1.CARWASH_CONTRATO_SER (ID_CONTRATO,FECHA_INI,DUENO,ESTADO_ES_ID,SERVICIO_ID,VEHI_ID) values ('61',to_date('08/07/22','DD/MM/RR'),'alex','4','6','2');
Insert into CAR1.CARWASH_CONTRATO_SER (ID_CONTRATO,FECHA_INI,DUENO,ESTADO_ES_ID,SERVICIO_ID,VEHI_ID) values ('62',to_date('10/07/22','DD/MM/RR'),'carlos','5','3','3');
Insert into CAR1.CARWASH_CONTRATO_SER (ID_CONTRATO,FECHA_INI,DUENO,ESTADO_ES_ID,SERVICIO_ID,VEHI_ID) values ('63',to_date('18/07/22','DD/MM/RR'),'carlos','3','4','3');
REM INSERTING into CAR1.CARWASH_ESTADO
SET DEFINE OFF;
Insert into CAR1.CARWASH_ESTADO (ID_ESTADO,ESTADO_SER) values ('3','pendiente');
Insert into CAR1.CARWASH_ESTADO (ID_ESTADO,ESTADO_SER) values ('5','En proceso');
Insert into CAR1.CARWASH_ESTADO (ID_ESTADO,ESTADO_SER) values ('4','completado');
Insert into CAR1.CARWASH_ESTADO (ID_ESTADO,ESTADO_SER) values ('6','--');
REM INSERTING into CAR1.CARWASH_SERVICIOS
SET DEFINE OFF;
Insert into CAR1.CARWASH_SERVICIOS (ID_SER,NOMBRE_SER,PRECIO_SER,CATEGORIA_SER_ID) values ('5','lavado full','20000','7');
Insert into CAR1.CARWASH_SERVICIOS (ID_SER,NOMBRE_SER,PRECIO_SER,CATEGORIA_SER_ID) values ('3','cambio de aceite','15000','6');
Insert into CAR1.CARWASH_SERVICIOS (ID_SER,NOMBRE_SER,PRECIO_SER,CATEGORIA_SER_ID) values ('4','lavado_medio','15000','8');
Insert into CAR1.CARWASH_SERVICIOS (ID_SER,NOMBRE_SER,PRECIO_SER,CATEGORIA_SER_ID) values ('6','lavado rapido','10000','9');
REM INSERTING into CAR1.CARWASH_VEHICULO
SET DEFINE OFF;
Insert into CAR1.CARWASH_VEHICULO (ID_VEHI,CATE_VEHI) values ('2','camioneta');
Insert into CAR1.CARWASH_VEHICULO (ID_VEHI,CATE_VEHI) values ('3','moto');
Insert into CAR1.CARWASH_VEHICULO (ID_VEHI,CATE_VEHI) values ('4','auto');
REM INSERTING into CAR1.DJANGO_ADMIN_LOG
SET DEFINE OFF;
Insert into CAR1.DJANGO_ADMIN_LOG (ID,ACTION_TIME,OBJECT_REPR,ACTION_FLAG,CONTENT_TYPE_ID,USER_ID) values ('1',to_timestamp('03/06/22 23:35:59,272915000','DD/MM/RR HH24:MI:SSXFF'),'rod','2','4','1');
Insert into CAR1.DJANGO_ADMIN_LOG (ID,ACTION_TIME,OBJECT_REPR,ACTION_FLAG,CONTENT_TYPE_ID,USER_ID) values ('21',to_timestamp('08/06/22 04:35:18,945670000','DD/MM/RR HH24:MI:SSXFF'),'rod','2','4','1');
Insert into CAR1.DJANGO_ADMIN_LOG (ID,ACTION_TIME,OBJECT_REPR,ACTION_FLAG,CONTENT_TYPE_ID,USER_ID) values ('22',to_timestamp('08/06/22 04:45:14,479685000','DD/MM/RR HH24:MI:SSXFF'),'rod','2','4','1');
Insert into CAR1.DJANGO_ADMIN_LOG (ID,ACTION_TIME,OBJECT_REPR,ACTION_FLAG,CONTENT_TYPE_ID,USER_ID) values ('23',to_timestamp('08/06/22 05:08:12,499075000','DD/MM/RR HH24:MI:SSXFF'),'rod','2','4','1');
Insert into CAR1.DJANGO_ADMIN_LOG (ID,ACTION_TIME,OBJECT_REPR,ACTION_FLAG,CONTENT_TYPE_ID,USER_ID) values ('24',to_timestamp('08/06/22 05:08:43,979319000','DD/MM/RR HH24:MI:SSXFF'),'rod','2','4','1');
Insert into CAR1.DJANGO_ADMIN_LOG (ID,ACTION_TIME,OBJECT_REPR,ACTION_FLAG,CONTENT_TYPE_ID,USER_ID) values ('25',to_timestamp('08/06/22 05:08:50,110502000','DD/MM/RR HH24:MI:SSXFF'),'rod','2','4','1');
REM INSERTING into CAR1.DJANGO_CONTENT_TYPE
SET DEFINE OFF;
Insert into CAR1.DJANGO_CONTENT_TYPE (ID,APP_LABEL,MODEL) values ('1','admin','logentry');
Insert into CAR1.DJANGO_CONTENT_TYPE (ID,APP_LABEL,MODEL) values ('2','auth','permission');
Insert into CAR1.DJANGO_CONTENT_TYPE (ID,APP_LABEL,MODEL) values ('3','auth','group');
Insert into CAR1.DJANGO_CONTENT_TYPE (ID,APP_LABEL,MODEL) values ('4','auth','user');
Insert into CAR1.DJANGO_CONTENT_TYPE (ID,APP_LABEL,MODEL) values ('5','contenttypes','contenttype');
Insert into CAR1.DJANGO_CONTENT_TYPE (ID,APP_LABEL,MODEL) values ('6','sessions','session');
Insert into CAR1.DJANGO_CONTENT_TYPE (ID,APP_LABEL,MODEL) values ('7','carWash','cate_ser');
Insert into CAR1.DJANGO_CONTENT_TYPE (ID,APP_LABEL,MODEL) values ('8','carWash','estado');
Insert into CAR1.DJANGO_CONTENT_TYPE (ID,APP_LABEL,MODEL) values ('9','carWash','vehiculo');
Insert into CAR1.DJANGO_CONTENT_TYPE (ID,APP_LABEL,MODEL) values ('10','carWash','servicios');
Insert into CAR1.DJANGO_CONTENT_TYPE (ID,APP_LABEL,MODEL) values ('11','carWash','contrato_ser');
REM INSERTING into CAR1.DJANGO_MIGRATIONS
SET DEFINE OFF;
Insert into CAR1.DJANGO_MIGRATIONS (ID,APP,NAME,APPLIED) values ('1','contenttypes','0001_initial',to_timestamp('03/06/22 23:33:27,579593000','DD/MM/RR HH24:MI:SSXFF'));
Insert into CAR1.DJANGO_MIGRATIONS (ID,APP,NAME,APPLIED) values ('2','auth','0001_initial',to_timestamp('03/06/22 23:33:27,790702000','DD/MM/RR HH24:MI:SSXFF'));
Insert into CAR1.DJANGO_MIGRATIONS (ID,APP,NAME,APPLIED) values ('3','admin','0001_initial',to_timestamp('03/06/22 23:33:27,851379000','DD/MM/RR HH24:MI:SSXFF'));
Insert into CAR1.DJANGO_MIGRATIONS (ID,APP,NAME,APPLIED) values ('4','admin','0002_logentry_remove_auto_add',to_timestamp('03/06/22 23:33:27,874973000','DD/MM/RR HH24:MI:SSXFF'));
Insert into CAR1.DJANGO_MIGRATIONS (ID,APP,NAME,APPLIED) values ('5','admin','0003_logentry_add_action_flag_choices',to_timestamp('03/06/22 23:33:27,898405000','DD/MM/RR HH24:MI:SSXFF'));
Insert into CAR1.DJANGO_MIGRATIONS (ID,APP,NAME,APPLIED) values ('6','contenttypes','0002_remove_content_type_name',to_timestamp('03/06/22 23:33:27,948330000','DD/MM/RR HH24:MI:SSXFF'));
Insert into CAR1.DJANGO_MIGRATIONS (ID,APP,NAME,APPLIED) values ('7','auth','0002_alter_permission_name_max_length',to_timestamp('03/06/22 23:33:27,991552000','DD/MM/RR HH24:MI:SSXFF'));
Insert into CAR1.DJANGO_MIGRATIONS (ID,APP,NAME,APPLIED) values ('8','auth','0003_alter_user_email_max_length',to_timestamp('03/06/22 23:33:28,020509000','DD/MM/RR HH24:MI:SSXFF'));
Insert into CAR1.DJANGO_MIGRATIONS (ID,APP,NAME,APPLIED) values ('9','auth','0004_alter_user_username_opts',to_timestamp('03/06/22 23:33:28,044413000','DD/MM/RR HH24:MI:SSXFF'));
Insert into CAR1.DJANGO_MIGRATIONS (ID,APP,NAME,APPLIED) values ('10','auth','0005_alter_user_last_login_null',to_timestamp('03/06/22 23:33:28,075572000','DD/MM/RR HH24:MI:SSXFF'));
Insert into CAR1.DJANGO_MIGRATIONS (ID,APP,NAME,APPLIED) values ('11','auth','0006_require_contenttypes_0002',to_timestamp('03/06/22 23:33:28,093572000','DD/MM/RR HH24:MI:SSXFF'));
Insert into CAR1.DJANGO_MIGRATIONS (ID,APP,NAME,APPLIED) values ('12','auth','0007_alter_validators_add_error_messages',to_timestamp('03/06/22 23:33:28,117527000','DD/MM/RR HH24:MI:SSXFF'));
Insert into CAR1.DJANGO_MIGRATIONS (ID,APP,NAME,APPLIED) values ('13','auth','0008_alter_user_username_max_length',to_timestamp('03/06/22 23:33:28,146448000','DD/MM/RR HH24:MI:SSXFF'));
Insert into CAR1.DJANGO_MIGRATIONS (ID,APP,NAME,APPLIED) values ('14','auth','0009_alter_user_last_name_max_length',to_timestamp('03/06/22 23:33:28,175846000','DD/MM/RR HH24:MI:SSXFF'));
Insert into CAR1.DJANGO_MIGRATIONS (ID,APP,NAME,APPLIED) values ('15','auth','0010_alter_group_name_max_length',to_timestamp('03/06/22 23:33:28,206730000','DD/MM/RR HH24:MI:SSXFF'));
Insert into CAR1.DJANGO_MIGRATIONS (ID,APP,NAME,APPLIED) values ('16','auth','0011_update_proxy_permissions',to_timestamp('03/06/22 23:33:28,230855000','DD/MM/RR HH24:MI:SSXFF'));
Insert into CAR1.DJANGO_MIGRATIONS (ID,APP,NAME,APPLIED) values ('17','auth','0012_alter_user_first_name_max_length',to_timestamp('03/06/22 23:33:28,261397000','DD/MM/RR HH24:MI:SSXFF'));
Insert into CAR1.DJANGO_MIGRATIONS (ID,APP,NAME,APPLIED) values ('18','carWash','0001_initial',to_timestamp('03/06/22 23:33:28,375688000','DD/MM/RR HH24:MI:SSXFF'));
Insert into CAR1.DJANGO_MIGRATIONS (ID,APP,NAME,APPLIED) values ('19','carWash','0002_alter_estado_estado_ser',to_timestamp('03/06/22 23:33:28,395400000','DD/MM/RR HH24:MI:SSXFF'));
Insert into CAR1.DJANGO_MIGRATIONS (ID,APP,NAME,APPLIED) values ('20','sessions','0001_initial',to_timestamp('03/06/22 23:33:28,429093000','DD/MM/RR HH24:MI:SSXFF'));
REM INSERTING into CAR1.DJANGO_SESSION
SET DEFINE OFF;
Insert into CAR1.DJANGO_SESSION (SESSION_KEY,EXPIRE_DATE) values ('6bvy8bdc1bkctqsxtre9za5sfca0cw5k',to_timestamp('28/07/22 08:35:18,740499000','DD/MM/RR HH24:MI:SSXFF'));
Insert into CAR1.DJANGO_SESSION (SESSION_KEY,EXPIRE_DATE) values ('rs04bmnu36a4df2z97x6d8rhvh5yjjtr',to_timestamp('23/06/22 01:13:47,326181000','DD/MM/RR HH24:MI:SSXFF'));
--------------------------------------------------------
--  DDL for Index AUTH_GROU_GROUP_ID__0CD325B0_U
--------------------------------------------------------

  CREATE UNIQUE INDEX "CAR1"."AUTH_GROU_GROUP_ID__0CD325B0_U" ON "CAR1"."AUTH_GROUP_PERMISSIONS" ("GROUP_ID", "PERMISSION_ID") 
  PCTFREE 10 INITRANS 2 MAXTRANS 255 COMPUTE STATISTICS 
  TABLESPACE "USERS" ;
--------------------------------------------------------
--  DDL for Index AUTH_PERM_CONTENT_T_01AB375A_U
--------------------------------------------------------

  CREATE UNIQUE INDEX "CAR1"."AUTH_PERM_CONTENT_T_01AB375A_U" ON "CAR1"."AUTH_PERMISSION" ("CONTENT_TYPE_ID", "CODENAME") 
  PCTFREE 10 INITRANS 2 MAXTRANS 255 COMPUTE STATISTICS 
  STORAGE(INITIAL 65536 NEXT 1048576 MINEXTENTS 1 MAXEXTENTS 2147483645
  PCTINCREASE 0 FREELISTS 1 FREELIST GROUPS 1
  BUFFER_POOL DEFAULT FLASH_CACHE DEFAULT CELL_FLASH_CACHE DEFAULT)
  TABLESPACE "USERS" ;
--------------------------------------------------------
--  DDL for Index AUTH_USER_USER_ID_G_94350C0C_U
--------------------------------------------------------

  CREATE UNIQUE INDEX "CAR1"."AUTH_USER_USER_ID_G_94350C0C_U" ON "CAR1"."AUTH_USER_GROUPS" ("USER_ID", "GROUP_ID") 
  PCTFREE 10 INITRANS 2 MAXTRANS 255 COMPUTE STATISTICS 
  TABLESPACE "USERS" ;
--------------------------------------------------------
--  DDL for Index AUTH_USER_USER_ID_P_14A6B632_U
--------------------------------------------------------

  CREATE UNIQUE INDEX "CAR1"."AUTH_USER_USER_ID_P_14A6B632_U" ON "CAR1"."AUTH_USER_USER_PERMISSIONS" ("USER_ID", "PERMISSION_ID") 
  PCTFREE 10 INITRANS 2 MAXTRANS 255 COMPUTE STATISTICS 
  TABLESPACE "USERS" ;
--------------------------------------------------------
--  DDL for Index DJANGO_CO_APP_LABEL_76BD3D3B_U
--------------------------------------------------------

  CREATE UNIQUE INDEX "CAR1"."DJANGO_CO_APP_LABEL_76BD3D3B_U" ON "CAR1"."DJANGO_CONTENT_TYPE" ("APP_LABEL", "MODEL") 
  PCTFREE 10 INITRANS 2 MAXTRANS 255 COMPUTE STATISTICS 
  STORAGE(INITIAL 65536 NEXT 1048576 MINEXTENTS 1 MAXEXTENTS 2147483645
  PCTINCREASE 0 FREELISTS 1 FREELIST GROUPS 1
  BUFFER_POOL DEFAULT FLASH_CACHE DEFAULT CELL_FLASH_CACHE DEFAULT)
  TABLESPACE "USERS" ;
--------------------------------------------------------
--  DDL for Index AUTH_PERMI_CONTENT_TY_2F476E4B
--------------------------------------------------------

  CREATE INDEX "CAR1"."AUTH_PERMI_CONTENT_TY_2F476E4B" ON "CAR1"."AUTH_PERMISSION" ("CONTENT_TYPE_ID") 
  PCTFREE 10 INITRANS 2 MAXTRANS 255 COMPUTE STATISTICS 
  STORAGE(INITIAL 65536 NEXT 1048576 MINEXTENTS 1 MAXEXTENTS 2147483645
  PCTINCREASE 0 FREELISTS 1 FREELIST GROUPS 1
  BUFFER_POOL DEFAULT FLASH_CACHE DEFAULT CELL_FLASH_CACHE DEFAULT)
  TABLESPACE "USERS" ;
--------------------------------------------------------
--  DDL for Index AUTH_USER__GROUP_ID_97559544
--------------------------------------------------------

  CREATE INDEX "CAR1"."AUTH_USER__GROUP_ID_97559544" ON "CAR1"."AUTH_USER_GROUPS" ("GROUP_ID") 
  PCTFREE 10 INITRANS 2 MAXTRANS 255 COMPUTE STATISTICS 
  TABLESPACE "USERS" ;
--------------------------------------------------------
--  DDL for Index DJANGO_SES_EXPIRE_DAT_A5C62663
--------------------------------------------------------

  CREATE INDEX "CAR1"."DJANGO_SES_EXPIRE_DAT_A5C62663" ON "CAR1"."DJANGO_SESSION" ("EXPIRE_DATE") 
  PCTFREE 10 INITRANS 2 MAXTRANS 255 COMPUTE STATISTICS 
  STORAGE(INITIAL 65536 NEXT 1048576 MINEXTENTS 1 MAXEXTENTS 2147483645
  PCTINCREASE 0 FREELISTS 1 FREELIST GROUPS 1
  BUFFER_POOL DEFAULT FLASH_CACHE DEFAULT CELL_FLASH_CACHE DEFAULT)
  TABLESPACE "USERS" ;
--------------------------------------------------------
--  DDL for Index CARWASH_CO_SERVICIO_I_61DF0CBF
--------------------------------------------------------

  CREATE INDEX "CAR1"."CARWASH_CO_SERVICIO_I_61DF0CBF" ON "CAR1"."CARWASH_CONTRATO_SER" ("SERVICIO_ID") 
  PCTFREE 10 INITRANS 2 MAXTRANS 255 COMPUTE STATISTICS 
  STORAGE(INITIAL 65536 NEXT 1048576 MINEXTENTS 1 MAXEXTENTS 2147483645
  PCTINCREASE 0 FREELISTS 1 FREELIST GROUPS 1
  BUFFER_POOL DEFAULT FLASH_CACHE DEFAULT CELL_FLASH_CACHE DEFAULT)
  TABLESPACE "USERS" ;
--------------------------------------------------------
--  DDL for Index CARWASH_CO_VEHI_ID_CA27D51E
--------------------------------------------------------

  CREATE INDEX "CAR1"."CARWASH_CO_VEHI_ID_CA27D51E" ON "CAR1"."CARWASH_CONTRATO_SER" ("VEHI_ID") 
  PCTFREE 10 INITRANS 2 MAXTRANS 255 COMPUTE STATISTICS 
  STORAGE(INITIAL 65536 NEXT 1048576 MINEXTENTS 1 MAXEXTENTS 2147483645
  PCTINCREASE 0 FREELISTS 1 FREELIST GROUPS 1
  BUFFER_POOL DEFAULT FLASH_CACHE DEFAULT CELL_FLASH_CACHE DEFAULT)
  TABLESPACE "USERS" ;
--------------------------------------------------------
--  DDL for Index DJANGO_ADM_CONTENT_TY_C4BCE8EB
--------------------------------------------------------

  CREATE INDEX "CAR1"."DJANGO_ADM_CONTENT_TY_C4BCE8EB" ON "CAR1"."DJANGO_ADMIN_LOG" ("CONTENT_TYPE_ID") 
  PCTFREE 10 INITRANS 2 MAXTRANS 255 COMPUTE STATISTICS 
  STORAGE(INITIAL 65536 NEXT 1048576 MINEXTENTS 1 MAXEXTENTS 2147483645
  PCTINCREASE 0 FREELISTS 1 FREELIST GROUPS 1
  BUFFER_POOL DEFAULT FLASH_CACHE DEFAULT CELL_FLASH_CACHE DEFAULT)
  TABLESPACE "USERS" ;
--------------------------------------------------------
--  DDL for Index CARWASH_SE_CATEGORIA__9E49B476
--------------------------------------------------------

  CREATE INDEX "CAR1"."CARWASH_SE_CATEGORIA__9E49B476" ON "CAR1"."CARWASH_SERVICIOS" ("CATEGORIA_SER_ID") 
  PCTFREE 10 INITRANS 2 MAXTRANS 255 COMPUTE STATISTICS 
  STORAGE(INITIAL 65536 NEXT 1048576 MINEXTENTS 1 MAXEXTENTS 2147483645
  PCTINCREASE 0 FREELISTS 1 FREELIST GROUPS 1
  BUFFER_POOL DEFAULT FLASH_CACHE DEFAULT CELL_FLASH_CACHE DEFAULT)
  TABLESPACE "USERS" ;
--------------------------------------------------------
--  DDL for Index CARWASH_CO_ESTADO_ES__AAB43F8A
--------------------------------------------------------

  CREATE INDEX "CAR1"."CARWASH_CO_ESTADO_ES__AAB43F8A" ON "CAR1"."CARWASH_CONTRATO_SER" ("ESTADO_ES_ID") 
  PCTFREE 10 INITRANS 2 MAXTRANS 255 COMPUTE STATISTICS 
  STORAGE(INITIAL 65536 NEXT 1048576 MINEXTENTS 1 MAXEXTENTS 2147483645
  PCTINCREASE 0 FREELISTS 1 FREELIST GROUPS 1
  BUFFER_POOL DEFAULT FLASH_CACHE DEFAULT CELL_FLASH_CACHE DEFAULT)
  TABLESPACE "USERS" ;
--------------------------------------------------------
--  DDL for Index DJANGO_ADM_USER_ID_C564EBA6
--------------------------------------------------------

  CREATE INDEX "CAR1"."DJANGO_ADM_USER_ID_C564EBA6" ON "CAR1"."DJANGO_ADMIN_LOG" ("USER_ID") 
  PCTFREE 10 INITRANS 2 MAXTRANS 255 COMPUTE STATISTICS 
  STORAGE(INITIAL 65536 NEXT 1048576 MINEXTENTS 1 MAXEXTENTS 2147483645
  PCTINCREASE 0 FREELISTS 1 FREELIST GROUPS 1
  BUFFER_POOL DEFAULT FLASH_CACHE DEFAULT CELL_FLASH_CACHE DEFAULT)
  TABLESPACE "USERS" ;
--------------------------------------------------------
--  DDL for Index AUTH_USER__USER_ID_A95EAD1B
--------------------------------------------------------

  CREATE INDEX "CAR1"."AUTH_USER__USER_ID_A95EAD1B" ON "CAR1"."AUTH_USER_USER_PERMISSIONS" ("USER_ID") 
  PCTFREE 10 INITRANS 2 MAXTRANS 255 COMPUTE STATISTICS 
  TABLESPACE "USERS" ;
--------------------------------------------------------
--  DDL for Index AUTH_USER__PERMISSION_1FBB5F2C
--------------------------------------------------------

  CREATE INDEX "CAR1"."AUTH_USER__PERMISSION_1FBB5F2C" ON "CAR1"."AUTH_USER_USER_PERMISSIONS" ("PERMISSION_ID") 
  PCTFREE 10 INITRANS 2 MAXTRANS 255 COMPUTE STATISTICS 
  TABLESPACE "USERS" ;
--------------------------------------------------------
--  DDL for Index AUTH_GROUP_GROUP_ID_B120CBF9
--------------------------------------------------------

  CREATE INDEX "CAR1"."AUTH_GROUP_GROUP_ID_B120CBF9" ON "CAR1"."AUTH_GROUP_PERMISSIONS" ("GROUP_ID") 
  PCTFREE 10 INITRANS 2 MAXTRANS 255 COMPUTE STATISTICS 
  TABLESPACE "USERS" ;
--------------------------------------------------------
--  DDL for Index AUTH_GROUP_PERMISSION_84C5C92E
--------------------------------------------------------

  CREATE INDEX "CAR1"."AUTH_GROUP_PERMISSION_84C5C92E" ON "CAR1"."AUTH_GROUP_PERMISSIONS" ("PERMISSION_ID") 
  PCTFREE 10 INITRANS 2 MAXTRANS 255 COMPUTE STATISTICS 
  TABLESPACE "USERS" ;
--------------------------------------------------------
--  DDL for Index AUTH_USER__USER_ID_6A12ED8B
--------------------------------------------------------

  CREATE INDEX "CAR1"."AUTH_USER__USER_ID_6A12ED8B" ON "CAR1"."AUTH_USER_GROUPS" ("USER_ID") 
  PCTFREE 10 INITRANS 2 MAXTRANS 255 COMPUTE STATISTICS 
  TABLESPACE "USERS" ;
--------------------------------------------------------
--  DDL for Procedure SP_AGREGAR_CATEGORIAS
--------------------------------------------------------
set define off;

  CREATE OR REPLACE NONEDITIONABLE PROCEDURE "CAR1"."SP_AGREGAR_CATEGORIAS" (
    v_tipo_ser varchar2,
    v_salida out number
) is

begin
    insert into carwash_cate_ser(tipo_ser)
    values(v_tipo_ser);
    commit;

    v_salida:=1;
    exception

    when others then
        v_salida:=0;
end;

/
--------------------------------------------------------
--  DDL for Procedure SP_AGREGAR_ESTADOS
--------------------------------------------------------
set define off;

  CREATE OR REPLACE NONEDITIONABLE PROCEDURE "CAR1"."SP_AGREGAR_ESTADOS" (
    v_estado_ser varchar2,
    v_salida out number
) is

begin
    insert into carwash_estado(estado_ser)
    values(v_estado_ser);
    commit;

    v_salida:=1;
    exception

    when others then
        v_salida:=0;
end;

/
--------------------------------------------------------
--  DDL for Procedure SP_AGREGAR_SERVICIOS
--------------------------------------------------------
set define off;

  CREATE OR REPLACE NONEDITIONABLE PROCEDURE "CAR1"."SP_AGREGAR_SERVICIOS" (
    v_nombre varchar2,
    v_precio number,
    v_categoria_ser_id number,
    v_salida out number
) is

begin
    insert into carwash_servicios(nombre_ser, precio_ser, categoria_ser_id)
    values(v_nombre, v_precio, v_categoria_ser_id);
    commit;

    v_salida:=1;
    exception

    when others then
        v_salida:=0;
end;

/
--------------------------------------------------------
--  DDL for Procedure SP_AGREGAR_VEHICULOS
--------------------------------------------------------
set define off;

  CREATE OR REPLACE NONEDITIONABLE PROCEDURE "CAR1"."SP_AGREGAR_VEHICULOS" (
    v_cate_vehi varchar2,
    v_salida out number
) is

begin
    insert into carwash_vehiculo(cate_vehi)
    values(v_cate_vehi);
    commit;

    v_salida:=1;
    exception

    when others then
        v_salida:=0;
end;

/
--------------------------------------------------------
--  DDL for Procedure SP_CONTRA_COMPLETO
--------------------------------------------------------
set define off;

  CREATE OR REPLACE NONEDITIONABLE PROCEDURE "CAR1"."SP_CONTRA_COMPLETO" (completado out SYS_REFCURSOR)
is
begin
    open completado for select sum(ser.precio_ser) as "Precio total de contratos completados", count(cont.estado_es_id) as "Cantidad de servicios completados"
    from carwash_contrato_ser cont
    join carwash_servicios ser
    on ser.id_ser = cont.servicio_id
    where cont.estado_es_id = 4;
end;

/
--------------------------------------------------------
--  DDL for Procedure SP_CONTRATOS
--------------------------------------------------------
set define off;

  CREATE OR REPLACE NONEDITIONABLE PROCEDURE "CAR1"."SP_CONTRATOS" (cont out SYS_REFCURSOR)
is
begin
    open cont for select count(id_contrato) as "cantidad de servicios contradados"
from carwash_contrato_ser;
end;

/
--------------------------------------------------------
--  DDL for Procedure SP_INSERTAR_CONTRATOS
--------------------------------------------------------
set define off;

  CREATE OR REPLACE NONEDITIONABLE PROCEDURE "CAR1"."SP_INSERTAR_CONTRATOS" (
    v_fecha_ini date,
    v_dueno varchar2,
    v_estado_es_id number,
    v_servicio_id number,
    v_vehi_id number,
    v_salida out number
) is

begin
    insert into carwash_contrato_ser(fecha_ini , dueno, estado_es_id, servicio_id, vehi_id)
    values(v_fecha_ini, v_dueno, v_estado_es_id, v_servicio_id, v_vehi_id);
    commit;

    v_salida:=1;
    exception

    when others then
        v_salida:=0;
end;

/
--------------------------------------------------------
--  DDL for Procedure SP_LISTAR_CATEGORIAS
--------------------------------------------------------
set define off;

  CREATE OR REPLACE NONEDITIONABLE PROCEDURE "CAR1"."SP_LISTAR_CATEGORIAS" (categorias out SYS_REFCURSOR)
is
begin
    open categorias for select * from carwash_cate_ser
    order by 1;
end;

/
--------------------------------------------------------
--  DDL for Procedure SP_LISTAR_CONTRATOS
--------------------------------------------------------
set define off;

  CREATE OR REPLACE NONEDITIONABLE PROCEDURE "CAR1"."SP_LISTAR_CONTRATOS" (contratos out SYS_REFCURSOR)
is
begin
    open contratos for select cont.id_contrato,to_char(cont.fecha_ini, 'DD Month YYYY', 'nls_date_language=spanish') as "fecha_ini", cont.dueno, ser.nombre_ser, vehi.cate_vehi, ser.precio_ser, cate.tipo_ser, 
    es.estado_ser
from carwash_contrato_ser cont
join carwash_servicios ser
on cont.servicio_id = ser.id_ser
join carwash_cate_ser cate
on cate.id_cate = ser.categoria_ser_id
join carwash_vehiculo vehi
on vehi.id_vehi = cont.vehi_id
join carwash_estado es
on es.id_estado = cont.estado_es_id
order by 1;
end;

/
--------------------------------------------------------
--  DDL for Procedure SP_LISTAR_ESTADO
--------------------------------------------------------
set define off;

  CREATE OR REPLACE NONEDITIONABLE PROCEDURE "CAR1"."SP_LISTAR_ESTADO" (estado out SYS_REFCURSOR)
is
begin
    open estado for select * from carwash_estado
    order by 1;
end;

/
--------------------------------------------------------
--  DDL for Procedure SP_LISTAR_ESTADO_DEFECTO
--------------------------------------------------------
set define off;

  CREATE OR REPLACE NONEDITIONABLE PROCEDURE "CAR1"."SP_LISTAR_ESTADO_DEFECTO" (estado out SYS_REFCURSOR)
is
begin
    open estado for select * from carwash_estado
    where id_estado = 6
    order by 1;
end;

/
--------------------------------------------------------
--  DDL for Procedure SP_LISTAR_SERVICIOS
--------------------------------------------------------
set define off;

  CREATE OR REPLACE NONEDITIONABLE PROCEDURE "CAR1"."SP_LISTAR_SERVICIOS" (servicios out SYS_REFCURSOR)
is
begin
    open servicios for select * from carwash_servicios ser
    join carwash_cate_ser cate
    on ser.categoria_ser_id = cate.id_cate
    order by ser.id_ser;
end;

/
--------------------------------------------------------
--  DDL for Procedure SP_LISTAR_VEHICULO
--------------------------------------------------------
set define off;

  CREATE OR REPLACE NONEDITIONABLE PROCEDURE "CAR1"."SP_LISTAR_VEHICULO" (vehiculo out SYS_REFCURSOR)
is
begin
    open vehiculo for select * from carwash_vehiculo
    order by 1;
end;

/
--------------------------------------------------------
--  Constraints for Table CARWASH_CATE_SER
--------------------------------------------------------

  ALTER TABLE "CAR1"."CARWASH_CATE_SER" MODIFY ("ID_CATE" NOT NULL ENABLE);
  ALTER TABLE "CAR1"."CARWASH_CATE_SER" ADD PRIMARY KEY ("ID_CATE")
  USING INDEX PCTFREE 10 INITRANS 2 MAXTRANS 255 COMPUTE STATISTICS 
  STORAGE(INITIAL 65536 NEXT 1048576 MINEXTENTS 1 MAXEXTENTS 2147483645
  PCTINCREASE 0 FREELISTS 1 FREELIST GROUPS 1
  BUFFER_POOL DEFAULT FLASH_CACHE DEFAULT CELL_FLASH_CACHE DEFAULT)
  TABLESPACE "USERS"  ENABLE;
--------------------------------------------------------
--  Constraints for Table AUTH_GROUP
--------------------------------------------------------

  ALTER TABLE "CAR1"."AUTH_GROUP" MODIFY ("ID" NOT NULL ENABLE);
  ALTER TABLE "CAR1"."AUTH_GROUP" ADD PRIMARY KEY ("ID")
  USING INDEX PCTFREE 10 INITRANS 2 MAXTRANS 255 COMPUTE STATISTICS 
  TABLESPACE "USERS"  ENABLE;
  ALTER TABLE "CAR1"."AUTH_GROUP" ADD UNIQUE ("NAME")
  USING INDEX PCTFREE 10 INITRANS 2 MAXTRANS 255 COMPUTE STATISTICS 
  TABLESPACE "USERS"  ENABLE;
--------------------------------------------------------
--  Constraints for Table AUTH_USER_GROUPS
--------------------------------------------------------

  ALTER TABLE "CAR1"."AUTH_USER_GROUPS" MODIFY ("ID" NOT NULL ENABLE);
  ALTER TABLE "CAR1"."AUTH_USER_GROUPS" MODIFY ("USER_ID" NOT NULL ENABLE);
  ALTER TABLE "CAR1"."AUTH_USER_GROUPS" MODIFY ("GROUP_ID" NOT NULL ENABLE);
  ALTER TABLE "CAR1"."AUTH_USER_GROUPS" ADD PRIMARY KEY ("ID")
  USING INDEX PCTFREE 10 INITRANS 2 MAXTRANS 255 COMPUTE STATISTICS 
  TABLESPACE "USERS"  ENABLE;
  ALTER TABLE "CAR1"."AUTH_USER_GROUPS" ADD CONSTRAINT "AUTH_USER_USER_ID_G_94350C0C_U" UNIQUE ("USER_ID", "GROUP_ID")
  USING INDEX PCTFREE 10 INITRANS 2 MAXTRANS 255 COMPUTE STATISTICS 
  TABLESPACE "USERS"  ENABLE;
--------------------------------------------------------
--  Constraints for Table AUTH_USER_USER_PERMISSIONS
--------------------------------------------------------

  ALTER TABLE "CAR1"."AUTH_USER_USER_PERMISSIONS" MODIFY ("ID" NOT NULL ENABLE);
  ALTER TABLE "CAR1"."AUTH_USER_USER_PERMISSIONS" MODIFY ("USER_ID" NOT NULL ENABLE);
  ALTER TABLE "CAR1"."AUTH_USER_USER_PERMISSIONS" MODIFY ("PERMISSION_ID" NOT NULL ENABLE);
  ALTER TABLE "CAR1"."AUTH_USER_USER_PERMISSIONS" ADD PRIMARY KEY ("ID")
  USING INDEX PCTFREE 10 INITRANS 2 MAXTRANS 255 COMPUTE STATISTICS 
  TABLESPACE "USERS"  ENABLE;
  ALTER TABLE "CAR1"."AUTH_USER_USER_PERMISSIONS" ADD CONSTRAINT "AUTH_USER_USER_ID_P_14A6B632_U" UNIQUE ("USER_ID", "PERMISSION_ID")
  USING INDEX PCTFREE 10 INITRANS 2 MAXTRANS 255 COMPUTE STATISTICS 
  TABLESPACE "USERS"  ENABLE;
--------------------------------------------------------
--  Constraints for Table CARWASH_CONTRATO_SER
--------------------------------------------------------

  ALTER TABLE "CAR1"."CARWASH_CONTRATO_SER" MODIFY ("ID_CONTRATO" NOT NULL ENABLE);
  ALTER TABLE "CAR1"."CARWASH_CONTRATO_SER" MODIFY ("FECHA_INI" NOT NULL ENABLE);
  ALTER TABLE "CAR1"."CARWASH_CONTRATO_SER" MODIFY ("ESTADO_ES_ID" NOT NULL ENABLE);
  ALTER TABLE "CAR1"."CARWASH_CONTRATO_SER" MODIFY ("SERVICIO_ID" NOT NULL ENABLE);
  ALTER TABLE "CAR1"."CARWASH_CONTRATO_SER" MODIFY ("VEHI_ID" NOT NULL ENABLE);
  ALTER TABLE "CAR1"."CARWASH_CONTRATO_SER" ADD PRIMARY KEY ("ID_CONTRATO")
  USING INDEX PCTFREE 10 INITRANS 2 MAXTRANS 255 COMPUTE STATISTICS 
  STORAGE(INITIAL 65536 NEXT 1048576 MINEXTENTS 1 MAXEXTENTS 2147483645
  PCTINCREASE 0 FREELISTS 1 FREELIST GROUPS 1
  BUFFER_POOL DEFAULT FLASH_CACHE DEFAULT CELL_FLASH_CACHE DEFAULT)
  TABLESPACE "USERS"  ENABLE;
--------------------------------------------------------
--  Constraints for Table AUTH_USER
--------------------------------------------------------

  ALTER TABLE "CAR1"."AUTH_USER" MODIFY ("ID" NOT NULL ENABLE);
  ALTER TABLE "CAR1"."AUTH_USER" MODIFY ("IS_SUPERUSER" NOT NULL ENABLE);
  ALTER TABLE "CAR1"."AUTH_USER" MODIFY ("IS_STAFF" NOT NULL ENABLE);
  ALTER TABLE "CAR1"."AUTH_USER" MODIFY ("IS_ACTIVE" NOT NULL ENABLE);
  ALTER TABLE "CAR1"."AUTH_USER" MODIFY ("DATE_JOINED" NOT NULL ENABLE);
  ALTER TABLE "CAR1"."AUTH_USER" ADD CHECK ("IS_SUPERUSER" IN (0,1)) ENABLE;
  ALTER TABLE "CAR1"."AUTH_USER" ADD CHECK ("IS_STAFF" IN (0,1)) ENABLE;
  ALTER TABLE "CAR1"."AUTH_USER" ADD CHECK ("IS_ACTIVE" IN (0,1)) ENABLE;
  ALTER TABLE "CAR1"."AUTH_USER" ADD PRIMARY KEY ("ID")
  USING INDEX PCTFREE 10 INITRANS 2 MAXTRANS 255 COMPUTE STATISTICS 
  STORAGE(INITIAL 65536 NEXT 1048576 MINEXTENTS 1 MAXEXTENTS 2147483645
  PCTINCREASE 0 FREELISTS 1 FREELIST GROUPS 1
  BUFFER_POOL DEFAULT FLASH_CACHE DEFAULT CELL_FLASH_CACHE DEFAULT)
  TABLESPACE "USERS"  ENABLE;
  ALTER TABLE "CAR1"."AUTH_USER" ADD UNIQUE ("USERNAME")
  USING INDEX PCTFREE 10 INITRANS 2 MAXTRANS 255 COMPUTE STATISTICS 
  STORAGE(INITIAL 65536 NEXT 1048576 MINEXTENTS 1 MAXEXTENTS 2147483645
  PCTINCREASE 0 FREELISTS 1 FREELIST GROUPS 1
  BUFFER_POOL DEFAULT FLASH_CACHE DEFAULT CELL_FLASH_CACHE DEFAULT)
  TABLESPACE "USERS"  ENABLE;
--------------------------------------------------------
--  Constraints for Table AUTH_GROUP_PERMISSIONS
--------------------------------------------------------

  ALTER TABLE "CAR1"."AUTH_GROUP_PERMISSIONS" MODIFY ("ID" NOT NULL ENABLE);
  ALTER TABLE "CAR1"."AUTH_GROUP_PERMISSIONS" MODIFY ("GROUP_ID" NOT NULL ENABLE);
  ALTER TABLE "CAR1"."AUTH_GROUP_PERMISSIONS" MODIFY ("PERMISSION_ID" NOT NULL ENABLE);
  ALTER TABLE "CAR1"."AUTH_GROUP_PERMISSIONS" ADD PRIMARY KEY ("ID")
  USING INDEX PCTFREE 10 INITRANS 2 MAXTRANS 255 COMPUTE STATISTICS 
  TABLESPACE "USERS"  ENABLE;
  ALTER TABLE "CAR1"."AUTH_GROUP_PERMISSIONS" ADD CONSTRAINT "AUTH_GROU_GROUP_ID__0CD325B0_U" UNIQUE ("GROUP_ID", "PERMISSION_ID")
  USING INDEX PCTFREE 10 INITRANS 2 MAXTRANS 255 COMPUTE STATISTICS 
  TABLESPACE "USERS"  ENABLE;
--------------------------------------------------------
--  Constraints for Table DJANGO_CONTENT_TYPE
--------------------------------------------------------

  ALTER TABLE "CAR1"."DJANGO_CONTENT_TYPE" MODIFY ("ID" NOT NULL ENABLE);
  ALTER TABLE "CAR1"."DJANGO_CONTENT_TYPE" ADD PRIMARY KEY ("ID")
  USING INDEX PCTFREE 10 INITRANS 2 MAXTRANS 255 COMPUTE STATISTICS 
  STORAGE(INITIAL 65536 NEXT 1048576 MINEXTENTS 1 MAXEXTENTS 2147483645
  PCTINCREASE 0 FREELISTS 1 FREELIST GROUPS 1
  BUFFER_POOL DEFAULT FLASH_CACHE DEFAULT CELL_FLASH_CACHE DEFAULT)
  TABLESPACE "USERS"  ENABLE;
  ALTER TABLE "CAR1"."DJANGO_CONTENT_TYPE" ADD CONSTRAINT "DJANGO_CO_APP_LABEL_76BD3D3B_U" UNIQUE ("APP_LABEL", "MODEL")
  USING INDEX PCTFREE 10 INITRANS 2 MAXTRANS 255 COMPUTE STATISTICS 
  STORAGE(INITIAL 65536 NEXT 1048576 MINEXTENTS 1 MAXEXTENTS 2147483645
  PCTINCREASE 0 FREELISTS 1 FREELIST GROUPS 1
  BUFFER_POOL DEFAULT FLASH_CACHE DEFAULT CELL_FLASH_CACHE DEFAULT)
  TABLESPACE "USERS"  ENABLE;
--------------------------------------------------------
--  Constraints for Table DJANGO_ADMIN_LOG
--------------------------------------------------------

  ALTER TABLE "CAR1"."DJANGO_ADMIN_LOG" MODIFY ("ID" NOT NULL ENABLE);
  ALTER TABLE "CAR1"."DJANGO_ADMIN_LOG" MODIFY ("ACTION_TIME" NOT NULL ENABLE);
  ALTER TABLE "CAR1"."DJANGO_ADMIN_LOG" MODIFY ("ACTION_FLAG" NOT NULL ENABLE);
  ALTER TABLE "CAR1"."DJANGO_ADMIN_LOG" MODIFY ("USER_ID" NOT NULL ENABLE);
  ALTER TABLE "CAR1"."DJANGO_ADMIN_LOG" ADD CHECK ("ACTION_FLAG" >= 0) ENABLE;
  ALTER TABLE "CAR1"."DJANGO_ADMIN_LOG" ADD PRIMARY KEY ("ID")
  USING INDEX PCTFREE 10 INITRANS 2 MAXTRANS 255 COMPUTE STATISTICS 
  STORAGE(INITIAL 65536 NEXT 1048576 MINEXTENTS 1 MAXEXTENTS 2147483645
  PCTINCREASE 0 FREELISTS 1 FREELIST GROUPS 1
  BUFFER_POOL DEFAULT FLASH_CACHE DEFAULT CELL_FLASH_CACHE DEFAULT)
  TABLESPACE "USERS"  ENABLE;
--------------------------------------------------------
--  Constraints for Table AUTH_PERMISSION
--------------------------------------------------------

  ALTER TABLE "CAR1"."AUTH_PERMISSION" MODIFY ("ID" NOT NULL ENABLE);
  ALTER TABLE "CAR1"."AUTH_PERMISSION" MODIFY ("CONTENT_TYPE_ID" NOT NULL ENABLE);
  ALTER TABLE "CAR1"."AUTH_PERMISSION" ADD PRIMARY KEY ("ID")
  USING INDEX PCTFREE 10 INITRANS 2 MAXTRANS 255 COMPUTE STATISTICS 
  STORAGE(INITIAL 65536 NEXT 1048576 MINEXTENTS 1 MAXEXTENTS 2147483645
  PCTINCREASE 0 FREELISTS 1 FREELIST GROUPS 1
  BUFFER_POOL DEFAULT FLASH_CACHE DEFAULT CELL_FLASH_CACHE DEFAULT)
  TABLESPACE "USERS"  ENABLE;
  ALTER TABLE "CAR1"."AUTH_PERMISSION" ADD CONSTRAINT "AUTH_PERM_CONTENT_T_01AB375A_U" UNIQUE ("CONTENT_TYPE_ID", "CODENAME")
  USING INDEX PCTFREE 10 INITRANS 2 MAXTRANS 255 COMPUTE STATISTICS 
  STORAGE(INITIAL 65536 NEXT 1048576 MINEXTENTS 1 MAXEXTENTS 2147483645
  PCTINCREASE 0 FREELISTS 1 FREELIST GROUPS 1
  BUFFER_POOL DEFAULT FLASH_CACHE DEFAULT CELL_FLASH_CACHE DEFAULT)
  TABLESPACE "USERS"  ENABLE;
--------------------------------------------------------
--  Constraints for Table DJANGO_MIGRATIONS
--------------------------------------------------------

  ALTER TABLE "CAR1"."DJANGO_MIGRATIONS" MODIFY ("ID" NOT NULL ENABLE);
  ALTER TABLE "CAR1"."DJANGO_MIGRATIONS" MODIFY ("APPLIED" NOT NULL ENABLE);
  ALTER TABLE "CAR1"."DJANGO_MIGRATIONS" ADD PRIMARY KEY ("ID")
  USING INDEX PCTFREE 10 INITRANS 2 MAXTRANS 255 COMPUTE STATISTICS 
  STORAGE(INITIAL 65536 NEXT 1048576 MINEXTENTS 1 MAXEXTENTS 2147483645
  PCTINCREASE 0 FREELISTS 1 FREELIST GROUPS 1
  BUFFER_POOL DEFAULT FLASH_CACHE DEFAULT CELL_FLASH_CACHE DEFAULT)
  TABLESPACE "USERS"  ENABLE;
--------------------------------------------------------
--  Constraints for Table CARWASH_ESTADO
--------------------------------------------------------

  ALTER TABLE "CAR1"."CARWASH_ESTADO" MODIFY ("ID_ESTADO" NOT NULL ENABLE);
  ALTER TABLE "CAR1"."CARWASH_ESTADO" ADD PRIMARY KEY ("ID_ESTADO")
  USING INDEX PCTFREE 10 INITRANS 2 MAXTRANS 255 COMPUTE STATISTICS 
  STORAGE(INITIAL 65536 NEXT 1048576 MINEXTENTS 1 MAXEXTENTS 2147483645
  PCTINCREASE 0 FREELISTS 1 FREELIST GROUPS 1
  BUFFER_POOL DEFAULT FLASH_CACHE DEFAULT CELL_FLASH_CACHE DEFAULT)
  TABLESPACE "USERS"  ENABLE;
--------------------------------------------------------
--  Constraints for Table CARWASH_SERVICIOS
--------------------------------------------------------

  ALTER TABLE "CAR1"."CARWASH_SERVICIOS" MODIFY ("ID_SER" NOT NULL ENABLE);
  ALTER TABLE "CAR1"."CARWASH_SERVICIOS" MODIFY ("PRECIO_SER" NOT NULL ENABLE);
  ALTER TABLE "CAR1"."CARWASH_SERVICIOS" MODIFY ("CATEGORIA_SER_ID" NOT NULL ENABLE);
  ALTER TABLE "CAR1"."CARWASH_SERVICIOS" ADD PRIMARY KEY ("ID_SER")
  USING INDEX PCTFREE 10 INITRANS 2 MAXTRANS 255 COMPUTE STATISTICS 
  STORAGE(INITIAL 65536 NEXT 1048576 MINEXTENTS 1 MAXEXTENTS 2147483645
  PCTINCREASE 0 FREELISTS 1 FREELIST GROUPS 1
  BUFFER_POOL DEFAULT FLASH_CACHE DEFAULT CELL_FLASH_CACHE DEFAULT)
  TABLESPACE "USERS"  ENABLE;
--------------------------------------------------------
--  Constraints for Table CARWASH_VEHICULO
--------------------------------------------------------

  ALTER TABLE "CAR1"."CARWASH_VEHICULO" MODIFY ("ID_VEHI" NOT NULL ENABLE);
  ALTER TABLE "CAR1"."CARWASH_VEHICULO" ADD PRIMARY KEY ("ID_VEHI")
  USING INDEX PCTFREE 10 INITRANS 2 MAXTRANS 255 COMPUTE STATISTICS 
  STORAGE(INITIAL 65536 NEXT 1048576 MINEXTENTS 1 MAXEXTENTS 2147483645
  PCTINCREASE 0 FREELISTS 1 FREELIST GROUPS 1
  BUFFER_POOL DEFAULT FLASH_CACHE DEFAULT CELL_FLASH_CACHE DEFAULT)
  TABLESPACE "USERS"  ENABLE;
--------------------------------------------------------
--  Constraints for Table DJANGO_SESSION
--------------------------------------------------------

  ALTER TABLE "CAR1"."DJANGO_SESSION" MODIFY ("SESSION_KEY" NOT NULL ENABLE);
  ALTER TABLE "CAR1"."DJANGO_SESSION" MODIFY ("EXPIRE_DATE" NOT NULL ENABLE);
  ALTER TABLE "CAR1"."DJANGO_SESSION" ADD PRIMARY KEY ("SESSION_KEY")
  USING INDEX PCTFREE 10 INITRANS 2 MAXTRANS 255 COMPUTE STATISTICS 
  STORAGE(INITIAL 65536 NEXT 1048576 MINEXTENTS 1 MAXEXTENTS 2147483645
  PCTINCREASE 0 FREELISTS 1 FREELIST GROUPS 1
  BUFFER_POOL DEFAULT FLASH_CACHE DEFAULT CELL_FLASH_CACHE DEFAULT)
  TABLESPACE "USERS"  ENABLE;
--------------------------------------------------------
--  Ref Constraints for Table AUTH_GROUP_PERMISSIONS
--------------------------------------------------------

  ALTER TABLE "CAR1"."AUTH_GROUP_PERMISSIONS" ADD CONSTRAINT "AUTH_GROU_GROUP_ID_B120CBF9_F" FOREIGN KEY ("GROUP_ID")
	  REFERENCES "CAR1"."AUTH_GROUP" ("ID") DEFERRABLE INITIALLY DEFERRED ENABLE;
  ALTER TABLE "CAR1"."AUTH_GROUP_PERMISSIONS" ADD CONSTRAINT "AUTH_GROU_PERMISSIO_84C5C92E_F" FOREIGN KEY ("PERMISSION_ID")
	  REFERENCES "CAR1"."AUTH_PERMISSION" ("ID") DEFERRABLE INITIALLY DEFERRED ENABLE;
--------------------------------------------------------
--  Ref Constraints for Table AUTH_PERMISSION
--------------------------------------------------------

  ALTER TABLE "CAR1"."AUTH_PERMISSION" ADD CONSTRAINT "AUTH_PERM_CONTENT_T_2F476E4B_F" FOREIGN KEY ("CONTENT_TYPE_ID")
	  REFERENCES "CAR1"."DJANGO_CONTENT_TYPE" ("ID") DEFERRABLE INITIALLY DEFERRED ENABLE;
--------------------------------------------------------
--  Ref Constraints for Table AUTH_USER_GROUPS
--------------------------------------------------------

  ALTER TABLE "CAR1"."AUTH_USER_GROUPS" ADD CONSTRAINT "AUTH_USER_USER_ID_6A12ED8B_F" FOREIGN KEY ("USER_ID")
	  REFERENCES "CAR1"."AUTH_USER" ("ID") DEFERRABLE INITIALLY DEFERRED ENABLE;
  ALTER TABLE "CAR1"."AUTH_USER_GROUPS" ADD CONSTRAINT "AUTH_USER_GROUP_ID_97559544_F" FOREIGN KEY ("GROUP_ID")
	  REFERENCES "CAR1"."AUTH_GROUP" ("ID") DEFERRABLE INITIALLY DEFERRED ENABLE;
--------------------------------------------------------
--  Ref Constraints for Table AUTH_USER_USER_PERMISSIONS
--------------------------------------------------------

  ALTER TABLE "CAR1"."AUTH_USER_USER_PERMISSIONS" ADD CONSTRAINT "AUTH_USER_USER_ID_A95EAD1B_F" FOREIGN KEY ("USER_ID")
	  REFERENCES "CAR1"."AUTH_USER" ("ID") DEFERRABLE INITIALLY DEFERRED ENABLE;
  ALTER TABLE "CAR1"."AUTH_USER_USER_PERMISSIONS" ADD CONSTRAINT "AUTH_USER_PERMISSIO_1FBB5F2C_F" FOREIGN KEY ("PERMISSION_ID")
	  REFERENCES "CAR1"."AUTH_PERMISSION" ("ID") DEFERRABLE INITIALLY DEFERRED ENABLE;
--------------------------------------------------------
--  Ref Constraints for Table CARWASH_CONTRATO_SER
--------------------------------------------------------

  ALTER TABLE "CAR1"."CARWASH_CONTRATO_SER" ADD CONSTRAINT "CARWASH_C_ESTADO_ES_AAB43F8A_F" FOREIGN KEY ("ESTADO_ES_ID")
	  REFERENCES "CAR1"."CARWASH_ESTADO" ("ID_ESTADO") DEFERRABLE INITIALLY DEFERRED ENABLE;
  ALTER TABLE "CAR1"."CARWASH_CONTRATO_SER" ADD CONSTRAINT "CARWASH_C_SERVICIO__61DF0CBF_F" FOREIGN KEY ("SERVICIO_ID")
	  REFERENCES "CAR1"."CARWASH_SERVICIOS" ("ID_SER") DEFERRABLE INITIALLY DEFERRED ENABLE;
  ALTER TABLE "CAR1"."CARWASH_CONTRATO_SER" ADD CONSTRAINT "CARWASH_C_VEHI_ID_CA27D51E_F" FOREIGN KEY ("VEHI_ID")
	  REFERENCES "CAR1"."CARWASH_VEHICULO" ("ID_VEHI") DEFERRABLE INITIALLY DEFERRED ENABLE;
--------------------------------------------------------
--  Ref Constraints for Table CARWASH_SERVICIOS
--------------------------------------------------------

  ALTER TABLE "CAR1"."CARWASH_SERVICIOS" ADD CONSTRAINT "CARWASH_S_CATEGORIA_9E49B476_F" FOREIGN KEY ("CATEGORIA_SER_ID")
	  REFERENCES "CAR1"."CARWASH_CATE_SER" ("ID_CATE") DEFERRABLE INITIALLY DEFERRED ENABLE;
--------------------------------------------------------
--  Ref Constraints for Table DJANGO_ADMIN_LOG
--------------------------------------------------------

  ALTER TABLE "CAR1"."DJANGO_ADMIN_LOG" ADD CONSTRAINT "DJANGO_AD_CONTENT_T_C4BCE8EB_F" FOREIGN KEY ("CONTENT_TYPE_ID")
	  REFERENCES "CAR1"."DJANGO_CONTENT_TYPE" ("ID") DEFERRABLE INITIALLY DEFERRED ENABLE;
  ALTER TABLE "CAR1"."DJANGO_ADMIN_LOG" ADD CONSTRAINT "DJANGO_AD_USER_ID_C564EBA6_F" FOREIGN KEY ("USER_ID")
	  REFERENCES "CAR1"."AUTH_USER" ("ID") DEFERRABLE INITIALLY DEFERRED ENABLE;
